User name,AWS access key,Event time,Event source,Event name,AWS region,Source IP address,User agent,Error code,Resources,Request ID,Event ID,Read-only,Event type,Recipient Account Id,Event category
Administrator,,2021-02-22T00:27:17Z,signin.amazonaws.com,ConsoleLogin,us-east-1,97.108.128.22,"Mozilla/5.0 (Macintosh; Intel Mac OS X 11_2_1) AppleWebKit/537.36 (KHTML, like Gecko) Chrome/88.0.4324.150 Safari/537.36",,[],,9aa7655c-2ba7-40d7-8d2a-3b2350e7e930,false,AwsConsoleSignIn,776261401472,Management
CloudTrail,ASIA3JPGI7OAM2FLU44D,2021-02-22T00:24:41Z,cloudtrail.amazonaws.com,StartLogging,us-east-1,97.108.128.22,console.amazonaws.com,,"[{""resourceType"":""AWS::CloudTrail::Trail"",""resourceName"":""Udacity_Trail""}]",3e6d59bb-a55a-4651-bf64-99c73e25c6cd,c3a9693f-8c2d-4d55-9de1-5041187290e2,false,AwsApiCall,776261401472,Management
CloudTrail,ASIA3JPGI7OAM2FLU44D,2021-02-22T00:24:40Z,cloudtrail.amazonaws.com,PutEventSelectors,us-east-1,97.108.128.22,console.amazonaws.com,,"[{""resourceType"":""AWS::CloudTrail::Trail"",""resourceName"":""Udacity_Trail""},{""resourceType"":""AWS::CloudTrail::Trail"",""resourceName"":""arn:aws:cloudtrail:us-east-1:776261401472:trail/Udacity_Trail""}]",bcf8f8dc-307a-4166-975b-22351e517ef9,24c524f9-cdbb-4f31-b46c-95876b2ead31,false,AwsApiCall,776261401472,Management
CloudTrail,ASIA3JPGI7OAM2FLU44D,2021-02-22T00:24:40Z,s3.amazonaws.com,PutBucketPolicy,us-east-1,97.108.128.22,"[AWSCloudTrail, aws-internal/3 aws-sdk-java/1.11.952 Linux/4.9.230-0.1.ac.223.84.332.metal1.x86_64 OpenJDK_64-Bit_Server_VM/25.282-b08 java/1.8.0_282 vendor/Oracle_Corporation]",,"[{""resourceType"":""AWS::S3::Bucket"",""resourceName"":""aws-cloudtrail-logs-776261401472-60198a23""}]",0A0B36C548A1DFB0,2b530893-34d2-4af0-a859-47a305b155ab,false,AwsApiCall,776261401472,Management
CloudTrail,ASIA3JPGI7OAM2FLU44D,2021-02-22T00:24:40Z,cloudtrail.amazonaws.com,CreateTrail,us-east-1,97.108.128.22,console.amazonaws.com,,"[{""resourceType"":""AWS::CloudTrail::Trail"",""resourceName"":""Udacity_Trail""},{""resourceType"":""AWS::CloudTrail::Trail"",""resourceName"":""arn:aws:cloudtrail:us-east-1:776261401472:trail/Udacity_Trail""},{""resourceType"":""AWS::S3::Bucket"",""resourceName"":""aws-cloudtrail-logs-776261401472-60198a23""},{""resourceType"":""AWS::KMS::Key"",""resourceName"":""arn:aws:kms:us-east-1:776261401472:key/9351e13b-7426-42eb-9402-88025a9d4f9d""}]",46e30e09-d584-4076-882f-1b4c4d8575c7,378a4aa3-58e9-44ac-818a-3fedf320c67f,false,AwsApiCall,776261401472,Management
CloudTrail,ASIA3JPGI7OAM2FLU44D,2021-02-22T00:24:40Z,cloudtrail.amazonaws.com,PutInsightSelectors,us-east-1,97.108.128.22,console.amazonaws.com,,"[{""resourceType"":""AWS::CloudTrail::Trail"",""resourceName"":""Udacity_Trail""},{""resourceType"":""AWS::CloudTrail::Trail"",""resourceName"":""arn:aws:cloudtrail:us-east-1:776261401472:trail/Udacity_Trail""}]",8bd12314-c443-4fc6-b1e2-fc1de760c212,3a4ae947-c306-4b17-8f85-7afc3ce8f104,false,AwsApiCall,776261401472,Management
CloudTrail,ASIA3JPGI7OAM2FLU44D,2021-02-22T00:24:40Z,kms.amazonaws.com,CreateKey,us-east-1,97.108.128.22,"AWSCloudTrail, aws-internal/3 aws-sdk-java/1.11.952 Linux/4.9.230-0.1.ac.223.84.332.metal1.x86_64 OpenJDK_64-Bit_Server_VM/25.282-b08 java/1.8.0_282 vendor/Oracle_Corporation",,"[{""resourceType"":""AWS::KMS::Key"",""resourceName"":""9351e13b-7426-42eb-9402-88025a9d4f9d""}]",b3cbe3f9-e8ed-4105-aaa7-c5ef1fcf8c3e,43b6a8cb-c3a4-4e60-a851-1cfe5208aa0c,false,AwsApiCall,776261401472,Management
CloudTrail,ASIA3JPGI7OAM2FLU44D,2021-02-22T00:24:40Z,s3.amazonaws.com,CreateBucket,us-east-1,97.108.128.22,"[AWSCloudTrail, aws-internal/3 aws-sdk-java/1.11.952 Linux/4.9.230-0.1.ac.223.84.332.metal1.x86_64 OpenJDK_64-Bit_Server_VM/25.282-b08 java/1.8.0_282 vendor/Oracle_Corporation]",,"[{""resourceType"":""AWS::S3::Bucket"",""resourceName"":""aws-cloudtrail-logs-776261401472-60198a23""}]",CZ6R8S2J6YBH8MDW,8bde0102-089f-4e35-bce5-f78494d62a6e,false,AwsApiCall,776261401472,Management
CloudTrail,ASIA3JPGI7OAM2FLU44D,2021-02-22T00:24:40Z,kms.amazonaws.com,CreateAlias,us-east-1,97.108.128.22,"AWSCloudTrail, aws-internal/3 aws-sdk-java/1.11.952 Linux/4.9.230-0.1.ac.223.84.332.metal1.x86_64 OpenJDK_64-Bit_Server_VM/25.282-b08 java/1.8.0_282 vendor/Oracle_Corporation",,[],77e8f14f-1398-4637-b72a-5a74d2fe37a6,982131a2-1987-465e-b92b-5ff8a2233fc8,false,AwsApiCall,776261401472,Management
CloudTrail,ASIA3JPGI7OAM2FLU44D,2021-02-22T00:24:40Z,s3.amazonaws.com,PutBucketPublicAccessBlock,us-east-1,97.108.128.22,"[AWSCloudTrail, aws-internal/3 aws-sdk-java/1.11.952 Linux/4.9.230-0.1.ac.223.84.332.metal1.x86_64 OpenJDK_64-Bit_Server_VM/25.282-b08 java/1.8.0_282 vendor/Oracle_Corporation]",,"[{""resourceType"":""AWS::S3::Bucket"",""resourceName"":""aws-cloudtrail-logs-776261401472-60198a23""}]",B6410F8A250068AB,e4206524-abd8-4907-b349-c392264eec2d,false,AwsApiCall,776261401472,Management
CloudTrail,,2021-02-22T00:23:57Z,signin.amazonaws.com,ConsoleLogin,us-east-1,97.108.128.22,"Mozilla/5.0 (Macintosh; Intel Mac OS X 11_2_1) AppleWebKit/537.36 (KHTML, like Gecko) Chrome/88.0.4324.150 Safari/537.36",,[],,700423e5-0e9b-41f9-b707-fe93717e1752,false,AwsConsoleSignIn,776261401472,Management
Administrator,ASIA3JPGI7OADCOXKOMH,2021-02-22T00:23:35Z,iam.amazonaws.com,PutGroupPolicy,us-east-1,97.108.128.22,console.amazonaws.com,,"[{""resourceType"":""AWS::IAM::Policy"",""resourceName"":""CloudTrail-S3-PutBucketPublicAccessBlock""},{""resourceType"":""AWS::IAM::Group"",""resourceName"":""CloudTrailAdmins""}]",47ea2d22-9a50-4b8c-9320-b9d00583cecf,ba567178-9b35-4f75-8c7e-38a015317ad9,false,AwsApiCall,776261401472,Management
Administrator,,2021-02-22T00:14:35Z,signin.amazonaws.com,ConsoleLogin,us-east-1,97.108.128.22,"Mozilla/5.0 (Macintosh; Intel Mac OS X 11_2_1) AppleWebKit/537.36 (KHTML, like Gecko) Chrome/88.0.4324.150 Safari/537.36",,[],,0295bc69-020c-4ec7-b943-294a58a0d0fa,false,AwsConsoleSignIn,776261401472,Management
CloudTrail,,2021-02-22T00:14:02Z,signin.amazonaws.com,ConsoleLogin,us-east-1,97.108.128.22,"Mozilla/5.0 (Macintosh; Intel Mac OS X 11_2_1) AppleWebKit/537.36 (KHTML, like Gecko) Chrome/88.0.4324.150 Safari/537.36",,[],,02e2a538-9821-43e0-b9ed-40f9a82fc6fc,false,AwsConsoleSignIn,776261401472,Management
CloudTrail,ASIA3JPGI7OAGSJ65YNI,2021-02-22T00:05:48Z,s3.amazonaws.com,CreateBucket,us-east-1,97.108.128.22,"[AWSCloudTrail, aws-internal/3 aws-sdk-java/1.11.952 Linux/4.9.230-0.1.ac.223.84.332.metal1.x86_64 OpenJDK_64-Bit_Server_VM/25.282-b08 java/1.8.0_282 vendor/Oracle_Corporation]",,"[{""resourceType"":""AWS::S3::Bucket"",""resourceName"":""aws-cloudtrail-logs-776261401472-16549a7d""}]",FRAQ2XBY6J3V1N6J,23aa1025-f109-4665-b0a9-fd4089b4b2c9,false,AwsApiCall,776261401472,Management
CloudTrail,ASIA3JPGI7OAGSJ65YNI,2021-02-22T00:05:48Z,s3.amazonaws.com,PutBucketPolicy,us-east-1,97.108.128.22,"[AWSCloudTrail, aws-internal/3 aws-sdk-java/1.11.952 Linux/4.9.230-0.1.ac.223.84.332.metal1.x86_64 OpenJDK_64-Bit_Server_VM/25.282-b08 java/1.8.0_282 vendor/Oracle_Corporation]",,"[{""resourceType"":""AWS::S3::Bucket"",""resourceName"":""aws-cloudtrail-logs-776261401472-16549a7d""}]",4GDM4WFVAR3W9T8J,41c3042a-65c1-4861-853f-b779ec900e4e,false,AwsApiCall,776261401472,Management
CloudTrail,ASIA3JPGI7OAGSJ65YNI,2021-02-22T00:05:48Z,s3.amazonaws.com,PutBucketPublicAccessBlock,us-east-1,97.108.128.22,"[AWSCloudTrail, aws-internal/3 aws-sdk-java/1.11.952 Linux/4.9.230-0.1.ac.223.84.332.metal1.x86_64 OpenJDK_64-Bit_Server_VM/25.282-b08 java/1.8.0_282 vendor/Oracle_Corporation]",AccessDenied,"[{""resourceType"":""AWS::S3::Bucket"",""resourceName"":""aws-cloudtrail-logs-776261401472-16549a7d""}]",F4AEE2EAA840C5BC,ca62abcc-6540-4e29-a0f5-e32dbe5575b2,false,AwsApiCall,776261401472,Management
CloudTrail,,2021-02-22T00:01:59Z,signin.amazonaws.com,ConsoleLogin,us-east-1,97.108.128.22,"Mozilla/5.0 (Macintosh; Intel Mac OS X 11_2_1) AppleWebKit/537.36 (KHTML, like Gecko) Chrome/88.0.4324.150 Safari/537.36",,[],,017ff16e-97e4-4929-905b-bdd5a64c3000,false,AwsConsoleSignIn,776261401472,Management
Administrator,,2021-02-21T23:45:48Z,signin.amazonaws.com,ConsoleLogin,us-east-1,97.108.128.22,"Mozilla/5.0 (Macintosh; Intel Mac OS X 11_2_1) AppleWebKit/537.36 (KHTML, like Gecko) Chrome/88.0.4324.150 Safari/537.36",,[],,21de6abf-f083-4b71-996a-3b504f48dc7c,false,AwsConsoleSignIn,776261401472,Management
CloudTrail,ASIA3JPGI7OANPH4F7MD,2021-02-21T23:38:57Z,s3.amazonaws.com,PutBucketPublicAccessBlock,us-east-1,97.108.128.22,"[AWSCloudTrail, aws-internal/3 aws-sdk-java/1.11.952 Linux/4.9.230-0.1.ac.223.84.332.metal1.x86_64 OpenJDK_64-Bit_Server_VM/25.282-b08 java/1.8.0_282 vendor/Oracle_Corporation]",AccessDenied,"[{""resourceType"":""AWS::S3::Bucket"",""resourceName"":""aws-cloudtrail-logs-776261401472-ce64820a""}]",8E61F01FFFE8EB2D,07af042f-1e8c-48ec-9c0b-233eedeba080,false,AwsApiCall,776261401472,Management
CloudTrail,ASIA3JPGI7OANPH4F7MD,2021-02-21T23:38:57Z,s3.amazonaws.com,CreateBucket,us-east-1,97.108.128.22,"[AWSCloudTrail, aws-internal/3 aws-sdk-java/1.11.952 Linux/4.9.230-0.1.ac.223.84.332.metal1.x86_64 OpenJDK_64-Bit_Server_VM/25.282-b08 java/1.8.0_282 vendor/Oracle_Corporation]",,"[{""resourceType"":""AWS::S3::Bucket"",""resourceName"":""aws-cloudtrail-logs-776261401472-ce64820a""}]",94A2D0725AC08B2D,1278ffae-3796-4a93-add2-559e21bc7895,false,AwsApiCall,776261401472,Management
CloudTrail,ASIA3JPGI7OANPH4F7MD,2021-02-21T23:38:57Z,s3.amazonaws.com,PutBucketPolicy,us-east-1,97.108.128.22,"[AWSCloudTrail, aws-internal/3 aws-sdk-java/1.11.952 Linux/4.9.230-0.1.ac.223.84.332.metal1.x86_64 OpenJDK_64-Bit_Server_VM/25.282-b08 java/1.8.0_282 vendor/Oracle_Corporation]",,"[{""resourceType"":""AWS::S3::Bucket"",""resourceName"":""aws-cloudtrail-logs-776261401472-ce64820a""}]",1BF8B761519F6104,9d28a9fb-8a72-4273-b3fc-cf105709f5c3,false,AwsApiCall,776261401472,Management
CloudTrail,,2021-02-21T23:34:32Z,signin.amazonaws.com,ConsoleLogin,us-east-1,97.108.128.22,"Mozilla/5.0 (Macintosh; Intel Mac OS X 11_2_1) AppleWebKit/537.36 (KHTML, like Gecko) Chrome/88.0.4324.150 Safari/537.36",,[],,21d4da63-19f2-449b-ad8c-8afec1030db2,false,AwsConsoleSignIn,776261401472,Management
Administrator,ASIA3JPGI7OAMSLU5VIC,2021-02-21T23:34:12Z,iam.amazonaws.com,GenerateServiceLastAccessedDetails,us-east-1,97.108.128.22,console.amazonaws.com,,[],6d77631f-2110-4b91-91e3-61214125f548,aebb791b-36b4-4172-bd2a-efb3fc602d3a,false,AwsApiCall,776261401472,Management
Administrator,,2021-02-21T23:24:50Z,signin.amazonaws.com,ConsoleLogin,us-east-1,97.108.128.22,"Mozilla/5.0 (Macintosh; Intel Mac OS X 11_2_1) AppleWebKit/537.36 (KHTML, like Gecko) Chrome/88.0.4324.150 Safari/537.36",,[],,dbcc5b3f-94f5-4145-a004-6235e78378f9,false,AwsConsoleSignIn,776261401472,Management
CloudTrail,ASIA3JPGI7OAAQKZWBTB,2021-02-21T23:23:10Z,s3.amazonaws.com,CreateBucket,us-east-1,97.108.128.22,"[AWSCloudTrail, aws-internal/3 aws-sdk-java/1.11.952 Linux/4.9.230-0.1.ac.223.84.332.metal1.x86_64 OpenJDK_64-Bit_Server_VM/25.282-b08 java/1.8.0_282 vendor/Oracle_Corporation]",,"[{""resourceType"":""AWS::S3::Bucket"",""resourceName"":""aws-cloudtrail-logs-776261401472-59937b1d""}]",17E2A8328ECB93FF,938dd965-4ce2-4b0c-b724-0ac2601f2641,false,AwsApiCall,776261401472,Management
CloudTrail,ASIA3JPGI7OAAQKZWBTB,2021-02-21T23:23:10Z,s3.amazonaws.com,PutBucketPublicAccessBlock,us-east-1,97.108.128.22,"[AWSCloudTrail, aws-internal/3 aws-sdk-java/1.11.952 Linux/4.9.230-0.1.ac.223.84.332.metal1.x86_64 OpenJDK_64-Bit_Server_VM/25.282-b08 java/1.8.0_282 vendor/Oracle_Corporation]",AccessDenied,"[{""resourceType"":""AWS::S3::Bucket"",""resourceName"":""aws-cloudtrail-logs-776261401472-59937b1d""}]",9CCC6F7EA2E7D26E,cda2186f-6b03-4e76-ad61-bc278d8b592e,false,AwsApiCall,776261401472,Management
CloudTrail,ASIA3JPGI7OAAQKZWBTB,2021-02-21T23:23:10Z,s3.amazonaws.com,PutBucketPolicy,us-east-1,97.108.128.22,"[AWSCloudTrail, aws-internal/3 aws-sdk-java/1.11.952 Linux/4.9.230-0.1.ac.223.84.332.metal1.x86_64 OpenJDK_64-Bit_Server_VM/25.282-b08 java/1.8.0_282 vendor/Oracle_Corporation]",,"[{""resourceType"":""AWS::S3::Bucket"",""resourceName"":""aws-cloudtrail-logs-776261401472-59937b1d""}]",6B665044AAB15144,ff4f7ce8-5231-45fa-9b9e-403ab32177c6,false,AwsApiCall,776261401472,Management
CloudTrail,,2021-02-21T23:20:46Z,signin.amazonaws.com,ConsoleLogin,us-east-1,97.108.128.22,"Mozilla/5.0 (Macintosh; Intel Mac OS X 11_2_1) AppleWebKit/537.36 (KHTML, like Gecko) Chrome/88.0.4324.150 Safari/537.36",,[],,a098d308-5d17-42fe-a796-fda3ca97a904,false,AwsConsoleSignIn,776261401472,Management
Administrator,ASIA3JPGI7OANXVLHKSO,2021-02-21T23:20:28Z,iam.amazonaws.com,GenerateServiceLastAccessedDetails,us-east-1,97.108.128.22,console.amazonaws.com,,[],f68504c5-5a8a-497c-88ac-1b9e60129e93,5037df21-840b-444c-8526-8d11d3b04df5,false,AwsApiCall,776261401472,Management
Administrator,,2021-02-21T23:19:59Z,signin.amazonaws.com,ConsoleLogin,us-east-1,97.108.128.22,"Mozilla/5.0 (Macintosh; Intel Mac OS X 11_2_1) AppleWebKit/537.36 (KHTML, like Gecko) Chrome/88.0.4324.150 Safari/537.36",,[],,2f692e15-f19a-4a7f-a243-64dbbfb540a1,false,AwsConsoleSignIn,776261401472,Management
CloudTrail,ASIA3JPGI7OAHCXFJGER,2021-02-21T16:33:21Z,s3.amazonaws.com,PutBucketPolicy,us-east-1,97.108.128.22,"[AWSCloudTrail, aws-internal/3 aws-sdk-java/1.11.952 Linux/4.9.230-0.1.ac.223.84.332.metal1.x86_64 OpenJDK_64-Bit_Server_VM/25.282-b08 java/1.8.0_282 vendor/Oracle_Corporation]",,"[{""resourceType"":""AWS::S3::Bucket"",""resourceName"":""aws-cloudtrail-logs-776261401472-8c6f7190""}]",2T1X2H0HDP3Y9Q6J,860cb0c7-1263-4f82-a3d8-f8b6365517f2,false,AwsApiCall,776261401472,Management
CloudTrail,ASIA3JPGI7OAHCXFJGER,2021-02-21T16:33:21Z,s3.amazonaws.com,CreateBucket,us-east-1,97.108.128.22,"[AWSCloudTrail, aws-internal/3 aws-sdk-java/1.11.952 Linux/4.9.230-0.1.ac.223.84.332.metal1.x86_64 OpenJDK_64-Bit_Server_VM/25.282-b08 java/1.8.0_282 vendor/Oracle_Corporation]",,"[{""resourceType"":""AWS::S3::Bucket"",""resourceName"":""aws-cloudtrail-logs-776261401472-8c6f7190""}]",6BB02B4519D15B72,c629eb01-41af-4bcc-9376-c94f6708c798,false,AwsApiCall,776261401472,Management
CloudTrail,ASIA3JPGI7OAHCXFJGER,2021-02-21T16:33:21Z,s3.amazonaws.com,PutBucketPublicAccessBlock,us-east-1,97.108.128.22,"[AWSCloudTrail, aws-internal/3 aws-sdk-java/1.11.952 Linux/4.9.230-0.1.ac.223.84.332.metal1.x86_64 OpenJDK_64-Bit_Server_VM/25.282-b08 java/1.8.0_282 vendor/Oracle_Corporation]",AccessDenied,"[{""resourceType"":""AWS::S3::Bucket"",""resourceName"":""aws-cloudtrail-logs-776261401472-8c6f7190""}]",B32594FD8D366091,ca84fa1e-f2ba-49da-97e1-2a4d4e63625b,false,AwsApiCall,776261401472,Management
CloudTrail,ASIA3JPGI7OAHCXFJGER,2021-02-21T16:31:39Z,s3.amazonaws.com,PutBucketPolicy,us-east-1,97.108.128.22,"[AWSCloudTrail, aws-internal/3 aws-sdk-java/1.11.952 Linux/4.9.230-0.1.ac.223.84.332.metal1.x86_64 OpenJDK_64-Bit_Server_VM/25.282-b08 java/1.8.0_282 vendor/Oracle_Corporation]",,"[{""resourceType"":""AWS::S3::Bucket"",""resourceName"":""aws-cloudtrail-logs-776261401472-6358effc""}]",9896456B5283BAD2,5c46163f-3b0b-4e06-93eb-2fa032030893,false,AwsApiCall,776261401472,Management
CloudTrail,ASIA3JPGI7OAHCXFJGER,2021-02-21T16:31:39Z,s3.amazonaws.com,CreateBucket,us-east-1,97.108.128.22,"[AWSCloudTrail, aws-internal/3 aws-sdk-java/1.11.952 Linux/4.9.230-0.1.ac.223.84.332.metal1.x86_64 OpenJDK_64-Bit_Server_VM/25.282-b08 java/1.8.0_282 vendor/Oracle_Corporation]",,"[{""resourceType"":""AWS::S3::Bucket"",""resourceName"":""aws-cloudtrail-logs-776261401472-6358effc""}]",B292EFE5F5E066A5,b0f64414-e15b-4e15-b614-91c6c22b8631,false,AwsApiCall,776261401472,Management
CloudTrail,ASIA3JPGI7OAHCXFJGER,2021-02-21T16:31:39Z,s3.amazonaws.com,PutBucketPublicAccessBlock,us-east-1,97.108.128.22,"[AWSCloudTrail, aws-internal/3 aws-sdk-java/1.11.952 Linux/4.9.230-0.1.ac.223.84.332.metal1.x86_64 OpenJDK_64-Bit_Server_VM/25.282-b08 java/1.8.0_282 vendor/Oracle_Corporation]",AccessDenied,"[{""resourceType"":""AWS::S3::Bucket"",""resourceName"":""aws-cloudtrail-logs-776261401472-6358effc""}]",CA018B370C8EB25D,e6c804dc-dd6c-4a1b-9306-ce54ab898376,false,AwsApiCall,776261401472,Management
CloudTrail,ASIA3JPGI7OAHCXFJGER,2021-02-21T16:29:34Z,s3.amazonaws.com,PutBucketPublicAccessBlock,us-east-1,97.108.128.22,"[AWSCloudTrail, aws-internal/3 aws-sdk-java/1.11.952 Linux/4.9.230-0.1.ac.223.84.332.metal1.x86_64 OpenJDK_64-Bit_Server_VM/25.282-b08 java/1.8.0_282 vendor/Oracle_Corporation]",AccessDenied,"[{""resourceType"":""AWS::S3::Bucket"",""resourceName"":""aws-cloudtrail-logs-776261401472-6358effc""}]",B83AAB162E18AC4D,ba389b1a-acc8-4601-b16e-5061faaa9248,false,AwsApiCall,776261401472,Management
CloudTrail,ASIA3JPGI7OAHCXFJGER,2021-02-21T16:29:33Z,s3.amazonaws.com,PutBucketPolicy,us-east-1,97.108.128.22,"[AWSCloudTrail, aws-internal/3 aws-sdk-java/1.11.952 Linux/4.9.230-0.1.ac.223.84.332.metal1.x86_64 OpenJDK_64-Bit_Server_VM/25.282-b08 java/1.8.0_282 vendor/Oracle_Corporation]",,"[{""resourceType"":""AWS::S3::Bucket"",""resourceName"":""aws-cloudtrail-logs-776261401472-6358effc""}]",3AF8F5AB4041DA0D,0c1fcdb7-c109-4dfb-8edf-272d9147046d,false,AwsApiCall,776261401472,Management
CloudTrail,ASIA3JPGI7OAHCXFJGER,2021-02-21T16:29:33Z,s3.amazonaws.com,CreateBucket,us-east-1,97.108.128.22,"[AWSCloudTrail, aws-internal/3 aws-sdk-java/1.11.952 Linux/4.9.230-0.1.ac.223.84.332.metal1.x86_64 OpenJDK_64-Bit_Server_VM/25.282-b08 java/1.8.0_282 vendor/Oracle_Corporation]",,"[{""resourceType"":""AWS::S3::Bucket"",""resourceName"":""aws-cloudtrail-logs-776261401472-6358effc""}]",0CF94357C7AD087A,d57b59a7-34aa-43e3-bb28-c76d81746e83,false,AwsApiCall,776261401472,Management
CloudTrail,ASIA3JPGI7OAHCXFJGER,2021-02-21T16:26:49Z,s3.amazonaws.com,PutBucketPublicAccessBlock,us-east-1,97.108.128.22,"[AWSCloudTrail, aws-internal/3 aws-sdk-java/1.11.952 Linux/4.9.230-0.1.ac.223.84.332.metal1.x86_64 OpenJDK_64-Bit_Server_VM/25.282-b08 java/1.8.0_282 vendor/Oracle_Corporation]",AccessDenied,"[{""resourceType"":""AWS::S3::Bucket"",""resourceName"":""aws-cloudtrail-logs-776261401472-b9dd140b""}]",A672B7DC467D4FB2,3b9fb8be-1c02-43de-96ce-1807c8f05bec,false,AwsApiCall,776261401472,Management
CloudTrail,ASIA3JPGI7OAHCXFJGER,2021-02-21T16:26:49Z,s3.amazonaws.com,PutBucketPolicy,us-east-1,97.108.128.22,"[AWSCloudTrail, aws-internal/3 aws-sdk-java/1.11.952 Linux/4.9.230-0.1.ac.223.84.332.metal1.x86_64 OpenJDK_64-Bit_Server_VM/25.282-b08 java/1.8.0_282 vendor/Oracle_Corporation]",,"[{""resourceType"":""AWS::S3::Bucket"",""resourceName"":""aws-cloudtrail-logs-776261401472-b9dd140b""}]",D0964C8EB730BD6B,b56aa13d-2060-4f9c-ae3f-98a6e9b7fa3d,false,AwsApiCall,776261401472,Management
CloudTrail,ASIA3JPGI7OAHCXFJGER,2021-02-21T16:26:49Z,s3.amazonaws.com,CreateBucket,us-east-1,97.108.128.22,"[AWSCloudTrail, aws-internal/3 aws-sdk-java/1.11.952 Linux/4.9.230-0.1.ac.223.84.332.metal1.x86_64 OpenJDK_64-Bit_Server_VM/25.282-b08 java/1.8.0_282 vendor/Oracle_Corporation]",,"[{""resourceType"":""AWS::S3::Bucket"",""resourceName"":""aws-cloudtrail-logs-776261401472-b9dd140b""}]",0F219CF7D82CF20F,d1cd4736-2792-476f-97f6-68dab45f7d78,false,AwsApiCall,776261401472,Management
CloudTrail,,2021-02-21T16:25:58Z,signin.amazonaws.com,ConsoleLogin,us-east-1,97.108.128.22,"Mozilla/5.0 (Macintosh; Intel Mac OS X 11_2_1) AppleWebKit/537.36 (KHTML, like Gecko) Chrome/88.0.4324.150 Safari/537.36",,[],,fb373bf5-3334-4063-bbf6-cefc0a4722d6,false,AwsConsoleSignIn,776261401472,Management
Accountant,ASIA3JPGI7OALPZEI3PW,2021-02-21T16:25:32Z,iam.amazonaws.com,ChangePassword,us-east-1,AWS Internal,AWS Internal,,[],8a13ccc1-6cbb-4410-9918-a40b8695b9ca,76abfdbe-fda9-4df0-85c9-6225e0b7fbe0,false,AwsApiCall,776261401472,Management
Accountant,,2021-02-21T16:25:22Z,signin.amazonaws.com,ConsoleLogin,us-east-1,97.108.128.22,"Mozilla/5.0 (Macintosh; Intel Mac OS X 11_2_1) AppleWebKit/537.36 (KHTML, like Gecko) Chrome/88.0.4324.150 Safari/537.36",,[],,aac20fde-ffbf-4366-b0ba-5d57f3be6707,false,AwsConsoleSignIn,776261401472,Management
CloudTrail,ASIA3JPGI7OAMTTWSURD,2021-02-21T16:24:29Z,iam.amazonaws.com,ChangePassword,us-east-1,AWS Internal,AWS Internal,,[],e0372487-04d4-4a01-8c35-adfbaecfc9d3,6635d188-9287-4969-b97c-eda651fef457,false,AwsApiCall,776261401472,Management
CloudTrail,,2021-02-21T16:24:18Z,signin.amazonaws.com,ConsoleLogin,us-east-1,97.108.128.22,"Mozilla/5.0 (Macintosh; Intel Mac OS X 11_2_1) AppleWebKit/537.36 (KHTML, like Gecko) Chrome/88.0.4324.150 Safari/537.36",,[],,7268b2b7-569a-4e82-87d4-13ad7658726a,false,AwsConsoleSignIn,776261401472,Management
Administrator,ASIA3JPGI7OAEFOVULCM,2021-02-21T16:23:41Z,iam.amazonaws.com,CreateLoginProfile,us-east-1,97.108.128.22,console.amazonaws.com,,"[{""resourceType"":""AWS::IAM::User"",""resourceName"":""Accountant""}]",47226bd5-af3e-41e0-9ad3-fb89de73e583,c6b996de-3adf-4a43-80e9-b5a6d5168bfa,false,AwsApiCall,776261401472,Management
Administrator,ASIA3JPGI7OAEFOVULCM,2021-02-21T16:23:40Z,iam.amazonaws.com,CreateUser,us-east-1,97.108.128.22,console.amazonaws.com,,"[{""resourceType"":""AWS::IAM::User"",""resourceName"":""Accountant""},{""resourceType"":""AWS::IAM::User"",""resourceName"":""arn:aws:iam::776261401472:user/Accountant""},{""resourceType"":""AWS::IAM::User"",""resourceName"":""AIDA3JPGI7OAGZXECH5R3""}]",f54d0fb2-a645-43e7-8f12-12093aaf6d4c,73b18921-b64f-425a-8c61-55492147eaf5,false,AwsApiCall,776261401472,Management
Administrator,ASIA3JPGI7OAEFOVULCM,2021-02-21T16:23:40Z,iam.amazonaws.com,AddUserToGroup,us-east-1,97.108.128.22,console.amazonaws.com,,"[{""resourceType"":""AWS::IAM::User"",""resourceName"":""Accountant""},{""resourceType"":""AWS::IAM::Group"",""resourceName"":""Reviewers""}]",4df5d80e-98cc-47cf-8394-89b6f8df8709,8fd8ce6a-7ffd-4135-8d18-75ab646dc628,false,AwsApiCall,776261401472,Management
Administrator,ASIA3JPGI7OAEFOVULCM,2021-02-21T16:23:09Z,iam.amazonaws.com,CreateLoginProfile,us-east-1,97.108.128.22,console.amazonaws.com,,"[{""resourceType"":""AWS::IAM::User"",""resourceName"":""CloudTrail""}]",c92b7a05-7a36-4d10-84a7-c16f7adefed9,19473839-c213-4c74-897a-d7dce789a507,false,AwsApiCall,776261401472,Management
Administrator,ASIA3JPGI7OAEFOVULCM,2021-02-21T16:23:09Z,iam.amazonaws.com,CreateUser,us-east-1,97.108.128.22,console.amazonaws.com,,"[{""resourceType"":""AWS::IAM::User"",""resourceName"":""CloudTrail""},{""resourceType"":""AWS::IAM::User"",""resourceName"":""AIDA3JPGI7OAAI7PJJHVC""},{""resourceType"":""AWS::IAM::User"",""resourceName"":""arn:aws:iam::776261401472:user/CloudTrail""}]",cdacbf96-5440-42b0-8383-4d3c096513b3,86677aba-944b-4a4f-a756-1fb69392ce64,false,AwsApiCall,776261401472,Management
Administrator,ASIA3JPGI7OAEFOVULCM,2021-02-21T16:23:09Z,iam.amazonaws.com,AddUserToGroup,us-east-1,97.108.128.22,console.amazonaws.com,,"[{""resourceType"":""AWS::IAM::User"",""resourceName"":""CloudTrail""},{""resourceType"":""AWS::IAM::Group"",""resourceName"":""CloudTrailAdmins""}]",5abbab52-cb3b-4531-b192-84e3520bbfd7,e250ada9-e617-4d28-a7d9-a1846b35f312,false,AwsApiCall,776261401472,Management
Administrator,,2021-02-21T16:21:17Z,signin.amazonaws.com,ConsoleLogin,us-east-1,97.108.128.22,"Mozilla/5.0 (Macintosh; Intel Mac OS X 11_2_1) AppleWebKit/537.36 (KHTML, like Gecko) Chrome/88.0.4324.150 Safari/537.36",,[],,c7fc76e9-aba0-4719-9200-72e9acde052e,false,AwsConsoleSignIn,776261401472,Management
root,,2021-02-21T16:20:36Z,signin.amazonaws.com,ConsoleLogin,us-east-1,97.108.128.22,"Mozilla/5.0 (Macintosh; Intel Mac OS X 11_2_1) AppleWebKit/537.36 (KHTML, like Gecko) Chrome/88.0.4324.150 Safari/537.36",,[],,0652f0c6-caec-4d9c-86a3-d698673804c8,false,AwsConsoleSignIn,776261401472,Management
root,ASIA3JPGI7OAENZPALEB,2021-02-21T16:19:09Z,iam.amazonaws.com,AttachGroupPolicy,us-east-1,97.108.128.22,console.amazonaws.com,,"[{""resourceType"":""AWS::IAM::Policy"",""resourceName"":""arn:aws:iam::aws:policy/job-function/Billing""},{""resourceType"":""AWS::IAM::Group"",""resourceName"":""Reviewers""}]",63a6a514-0065-411a-838c-1421478ad656,20539bc9-6588-4bf8-96b5-6b4a8ade4099,false,AwsApiCall,776261401472,Management
root,ASIA3JPGI7OAENZPALEB,2021-02-21T16:19:09Z,iam.amazonaws.com,CreateGroup,us-east-1,97.108.128.22,console.amazonaws.com,,"[{""resourceType"":""AWS::IAM::Group"",""resourceName"":""Reviewers""},{""resourceType"":""AWS::IAM::Group"",""resourceName"":""AGPA3JPGI7OAPEJXAERO5""},{""resourceType"":""AWS::IAM::Group"",""resourceName"":""arn:aws:iam::776261401472:group/Reviewers""}]",6f962e0f-70a2-4864-b8fd-a5bd9a0f5aad,b3f21568-4fe9-46a6-8f9c-9c55d34e7237,false,AwsApiCall,776261401472,Management
root,ASIA3JPGI7OAENZPALEB,2021-02-21T16:18:36Z,iam.amazonaws.com,AttachGroupPolicy,us-east-1,97.108.128.22,console.amazonaws.com,,"[{""resourceType"":""AWS::IAM::Policy"",""resourceName"":""arn:aws:iam::aws:policy/AWSCloudTrailReadOnlyAccess""},{""resourceType"":""AWS::IAM::Group"",""resourceName"":""CloudTrailAdmins""}]",0f7ea600-1cff-4385-8988-8cb276c94c90,6123cfa2-3d58-4c19-9cec-29e4c0302091,false,AwsApiCall,776261401472,Management
root,ASIA3JPGI7OAENZPALEB,2021-02-21T16:18:35Z,iam.amazonaws.com,CreateGroup,us-east-1,97.108.128.22,console.amazonaws.com,,"[{""resourceType"":""AWS::IAM::Group"",""resourceName"":""AGPA3JPGI7OACXPGUGKIJ""},{""resourceType"":""AWS::IAM::Group"",""resourceName"":""CloudTrailAdmins""},{""resourceType"":""AWS::IAM::Group"",""resourceName"":""arn:aws:iam::776261401472:group/CloudTrailAdmins""}]",e8fcfb33-a95d-496b-ab17-fdcd18c09b48,301c9590-2d44-4f51-b835-13f80f8bd98c,false,AwsApiCall,776261401472,Management
root,ASIA3JPGI7OAENZPALEB,2021-02-21T16:18:35Z,iam.amazonaws.com,AttachGroupPolicy,us-east-1,97.108.128.22,console.amazonaws.com,,"[{""resourceType"":""AWS::IAM::Policy"",""resourceName"":""arn:aws:iam::aws:policy/AWSCloudTrail_FullAccess""},{""resourceType"":""AWS::IAM::Group"",""resourceName"":""CloudTrailAdmins""}]",f33bf038-d53b-4791-9b2a-af1ad771adc2,410e03af-58b3-4f3c-9d4b-ccae79371ff2,false,AwsApiCall,776261401472,Management
root,ASIA3JPGI7OAENZPALEB,2021-02-21T16:15:20Z,iam.amazonaws.com,UpdateAccountPasswordPolicy,us-east-1,97.108.128.22,console.amazonaws.com,,[],bb68397f-4e66-46c8-b4b7-1d7d4b950066,b71f31fd-e31f-4024-9f15-8be7239d6d33,false,AwsApiCall,776261401472,Management
root,ASIA3JPGI7OAENZPALEB,2021-02-21T16:15:02Z,iam.amazonaws.com,UpdateAccountPasswordPolicy,us-east-1,97.108.128.22,console.amazonaws.com,,[],88b4483c-0360-4d53-873f-3562481ed38e,e507ef12-c058-4ad9-8651-652d8fda0093,false,AwsApiCall,776261401472,Management
root,ASIA3JPGI7OAENZPALEB,2021-02-21T16:10:33Z,iam.amazonaws.com,GenerateServiceLastAccessedDetails,us-east-1,97.108.128.22,console.amazonaws.com,,[],c3c7999e-8390-415d-a3c4-bf3ebf5a673f,7a0524c3-e500-4311-a24f-494b7700142a,false,AwsApiCall,776261401472,Management
root,,2021-02-21T16:09:49Z,signin.amazonaws.com,ConsoleLogin,us-east-1,97.108.128.22,"Mozilla/5.0 (Macintosh; Intel Mac OS X 11_2_1) AppleWebKit/537.36 (KHTML, like Gecko) Chrome/88.0.4324.150 Safari/537.36",,[],,388ece8e-7063-4ad2-aad0-61c9ca95c616,false,AwsConsoleSignIn,776261401472,Management
root,ASIA3JPGI7OACOQM5BA3,2021-02-21T16:08:25Z,iam.amazonaws.com,CreateLoginProfile,us-east-1,97.108.128.22,console.amazonaws.com,,"[{""resourceType"":""AWS::IAM::User"",""resourceName"":""Administrator""}]",89be158d-fdf7-495b-b6d5-879c4bb054b1,39bd729e-8f8d-48df-aaf6-346e7247767c,false,AwsApiCall,776261401472,Management
root,ASIA3JPGI7OACOQM5BA3,2021-02-21T16:08:25Z,iam.amazonaws.com,AddUserToGroup,us-east-1,97.108.128.22,console.amazonaws.com,,"[{""resourceType"":""AWS::IAM::User"",""resourceName"":""Administrator""},{""resourceType"":""AWS::IAM::Group"",""resourceName"":""Administrators""}]",8fa6db43-1a0f-4ded-b8db-64bcd10bd85d,d80f3d6d-57a2-4a1a-8201-5b83a1d6d7be,false,AwsApiCall,776261401472,Management
root,ASIA3JPGI7OACOQM5BA3,2021-02-21T16:08:24Z,iam.amazonaws.com,CreateUser,us-east-1,97.108.128.22,console.amazonaws.com,,"[{""resourceType"":""AWS::IAM::User"",""resourceName"":""arn:aws:iam::776261401472:user/Administrator""},{""resourceType"":""AWS::IAM::User"",""resourceName"":""AIDA3JPGI7OAG5L262HZ7""},{""resourceType"":""AWS::IAM::User"",""resourceName"":""Administrator""}]",77529dfb-6f1c-4e6a-9c08-efa5047b370f,778d828e-0537-4658-8a4e-d57c21b6212e,false,AwsApiCall,776261401472,Management
root,ASIA3JPGI7OACOQM5BA3,2021-02-21T16:07:45Z,iam.amazonaws.com,CreateGroup,us-east-1,97.108.128.22,console.amazonaws.com,,"[{""resourceType"":""AWS::IAM::Group"",""resourceName"":""Administrators""},{""resourceType"":""AWS::IAM::Group"",""resourceName"":""arn:aws:iam::776261401472:group/Administrators""},{""resourceType"":""AWS::IAM::Group"",""resourceName"":""AGPA3JPGI7OAOTUWQHNEL""}]",ecd84eda-69de-4f7a-aafd-9c5913fd74d8,2f712131-ddee-44f4-8a41-559cec7c1c34,false,AwsApiCall,776261401472,Management
root,ASIA3JPGI7OACOQM5BA3,2021-02-21T16:07:45Z,iam.amazonaws.com,AttachGroupPolicy,us-east-1,97.108.128.22,console.amazonaws.com,,"[{""resourceType"":""AWS::IAM::Policy"",""resourceName"":""arn:aws:iam::aws:policy/AdministratorAccess""},{""resourceType"":""AWS::IAM::Group"",""resourceName"":""Administrators""}]",dc6ad55e-2fa6-4cb4-be6d-3d6336aa3acf,a8c9c0d0-1751-41e5-8cc7-55a4739f8985,false,AwsApiCall,776261401472,Management
root,ASIA3JPGI7OAENKNOP7O,2021-02-21T16:05:05Z,billingconsole.amazonaws.com,SetIAMAccessPreference,us-east-1,97.108.128.22,"Mozilla/5.0 (Macintosh; Intel Mac OS X 11_2_1) AppleWebKit/537.36 (KHTML, like Gecko) Chrome/88.0.4324.150 Safari/537.36",,[],,f26aecec-2e1a-4fd9-8cf7-faf366a6d172,false,AwsConsoleAction,776261401472,Management
root,ASIA3JPGI7OAENKNOP7O,2021-02-21T16:01:24Z,billingconsole.amazonaws.com,GetFreeTierAlertPreference,us-east-1,97.108.128.22,"Mozilla/5.0 (Macintosh; Intel Mac OS X 11_2_1) AppleWebKit/537.36 (KHTML, like Gecko) Chrome/88.0.4324.150 Safari/537.36",,[],,f71ae05f-869f-4637-91b7-cb4d83f44cd0,false,AwsConsoleAction,776261401472,Management
root,,2021-02-21T16:01:21Z,signin.amazonaws.com,ConsoleLogin,us-east-1,97.108.128.22,"Mozilla/5.0 (Macintosh; Intel Mac OS X 11_2_1) AppleWebKit/537.36 (KHTML, like Gecko) Chrome/88.0.4324.150 Safari/537.36",,[],,c9e4eaf3-5b5a-4f40-ab0d-c96ca5ebbcaa,false,AwsConsoleSignIn,776261401472,Management